기준_년분기_코드,상권_구분_코드,상권_구분_코드_명,상권_코드,상권_코드_명,서비스_업종_코드,서비스_업종_코드_명,당월_매출_금액,당월_매출_건수,주중_매출_금액,주말_매출_금액,월요일_매출_금액,화요일_매출_금액,수요일_매출_금액,목요일_매출_금액,금요일_매출_금액,토요일_매출_금액,일요일_매출_금액,시간대_00~06_매출_금액,시간대_06~11_매출_금액,시간대_11~14_매출_금액,시간대_14~17_매출_금액,시간대_17~21_매출_금액,시간대_21~24_매출_금액,남성_매출_금액,여성_매출_금액,연령대_10_매출_금액,연령대_20_매출_금액,연령대_30_매출_금액,연령대_40_매출_금액,연령대_50_매출_금액,연령대_60_이상_매출_금액,주중_매출_건수,주말_매출_건수,월요일_매출_건수,화요일_매출_건수,수요일_매출_건수,목요일_매출_건수,금요일_매출_건수,토요일_매출_건수,일요일_매출_건수,시간대_건수~06_매출_건수,시간대_건수~11_매출_건수,시간대_건수~14_매출_건수,시간대_건수~17_매출_건수,시간대_건수~21_매출_건수,시간대_건수~24_매출_건수,남성_매출_건수,여성_매출_건수,연령대_10_매출_건수,연령대_20_매출_건수,연령대_30_매출_건수,연령대_40_매출_건수,연령대_50_매출_건수,연령대_60_이상_매출_건수
20251,U,관광특구,3001491,이태원 관광특구,CS300015,가방,1569075360,7398,1271375387,297699973,140164804,390941489,274737910,175673280,289857904,133795294,163904679,0,5309005,588276586,551915838,422865364,708567,136237576,1425289321,0,19253187,174456920,492062556,645208896,230545339,5482,1916,1315,1086,1229,765,1087,963,953,0,324,1978,3325,1736,35,2010,5330,0,539,752,990,1393,3666
20251,U,관광특구,3001491,이태원 관광특구,CS200030,피부관리실,27388312,328,23404838,3983474,6387307,2334501,3041409,5230584,6411037,3983474,0,0,825887,9909488,9035619,3961422,3655896,9976660,17411652,0,2480951,4161346,13852640,5682084,1211291,240,88,47,27,38,57,71,88,0,0,8,107,131,60,22,149,179,0,74,55,106,71,22
20251,U,관광특구,3001491,이태원 관광특구,CS200037,노래방,94383079,3307,40525543,53857536,7985260,3572231,10886245,8953804,9128003,28090091,25767445,53332618,7908612,0,0,6712450,26429399,64896074,25942647,1038588,29179179,41526642,10876598,5085114,3132599,1422,1885,270,144,339,326,343,999,886,1888,287,0,0,269,863,2169,1064,56,1195,1450,368,84,80
20251,U,관광특구,3001491,이태원 관광특구,CS300016,안경,627053943,2570,349173694,277880249,56055680,45271082,60802099,83207397,103837436,133052163,144828086,0,1359185,140466390,250819557,234408811,0,436452778,173162512,0,112560293,290235676,104027804,68944073,33847446,1411,1159,193,284,266,376,292,702,457,0,30,525,1037,978,0,1263,1283,0,722,1133,357,224,110
20251,U,관광특구,3001491,이태원 관광특구,CS300043,전자상거래업,34806521,713,28171327,6635194,8000663,1738823,1656935,1087161,15687745,835010,5800184,0,1203959,1006186,20201382,12394994,0,5351924,29454597,0,20877580,13788327,0,85373,55241,574,139,72,75,44,44,339,17,122,0,53,49,375,236,0,132,581,0,379,314,0,10,10
20251,U,관광특구,3001491,이태원 관광특구,CS300020,서적,199648044,3939,100764916,98883128,29757452,12585890,13183506,16943223,28294845,54515659,44367469,0,61675,47600708,95487924,56497737,0,69643654,108267343,0,27605069,85892138,21348273,28319803,14745713,2023,1916,217,343,336,483,644,1160,756,0,7,742,1943,1247,0,1417,2438,0,817,1925,569,381,162
20251,U,관광특구,3001491,이태원 관광특구,CS100003,일식음식점,504002213,7816,292031388,211970825,33641574,44915164,59960524,65634776,87879350,143937312,68033513,98766346,2008147,40384869,13770034,162693404,186379413,243861771,212741945,2020988,133416527,167113137,81893502,59543855,12615704,4506,3310,596,688,949,932,1341,2179,1131,1359,24,1346,327,2604,2156,3490,3799,62,2528,2713,975,745,268
20251,U,관광특구,3001491,이태원 관광특구,CS200029,네일숍,27975172,875,22021117,5954055,5487900,3598361,3204177,6897346,2833333,3020722,2933333,0,0,3051948,10567135,10589423,3766666,6296607,21678565,0,166667,10519593,683060,4174158,12431694,683,192,147,128,55,254,99,92,100,0,0,125,407,277,66,153,722,0,33,289,27,98,428
20251,U,관광특구,3001491,이태원 관광특구,CS100002,중식음식점,1794122204,39372,1204701227,589420977,78228490,208456342,258716698,314512303,344787394,336733050,252687927,13153490,128933,406296551,76542603,802654853,495345774,851028482,683447978,3236781,405578119,658938573,243874009,162285378,60563599,27747,11625,2257,5788,5635,6768,7299,6885,4740,108,5,15789,2395,15614,5461,19031,16877,128,11960,13696,4670,3695,1759
20251,U,관광특구,3001491,이태원 관광특구,CS100005,제과점,1183162877,79582,693406793,489756084,124051425,104571256,137617918,171024310,156141884,274026736,215729348,50196343,106190901,241741362,345880018,338495972,100658281,478086209,627793127,5861518,329929173,354274445,195782550,142621095,77410555,47545,32037,8865,7794,9707,10013,11166,17967,14070,4538,8856,15367,19707,22806,8308,33718,43001,510,23899,25435,10598,10041,6233
20251,U,관광특구,3001491,이태원 관광특구,CS200024,스포츠클럽,336965519,939,282966971,53998548,75900817,31058483,35417236,80853945,59736490,36148412,17850136,4495555,36907893,21774902,64890717,98194616,110701836,175647977,138202936,1132144,41184139,111680500,103883899,33570089,22400142,694,245,207,113,151,123,100,151,94,18,104,104,246,329,138,657,264,9,203,423,83,96,107
20251,U,관광특구,3001491,이태원 관광특구,CS100004,양식음식점,16215100484,393127,7797412107,8417688377,1216205777,1024658553,1545669395,1481308386,2529569996,4720889014,3696799363,2853715271,260855444,1698856546,1971279144,5588276974,3842117105,8616030379,6237675875,101667554,4674036479,5960186313,1932356479,1318375009,867084427,181995,211132,30135,25405,34307,35006,57142,116583,94549,86350,7466,42600,48878,123478,84355,217259,164755,3339,137660,154218,43205,29510,14077
20251,U,관광특구,3001491,이태원 관광특구,CS300014,신발,3876870610,23174,2605971815,1270898795,546461152,530757754,380022358,569292186,579438365,610109920,660788875,0,247372743,897959415,1678155960,1000265927,53116565,2148802454,1723620451,19879501,420884401,1304990573,828304656,1111379693,186984081,14188,8986,2605,3152,2535,2467,3429,4408,4578,0,1264,5295,8671,7472,472,14441,8703,195,3331,8088,6698,3913,921
20251,U,관광특구,3001491,이태원 관광특구,CS100006,패스트푸드점,3467064590,201265,1850797902,1616266688,370601776,297085754,332428242,376253959,474428171,866114944,750151744,855742902,194767489,540023142,450182321,941764299,484584437,2062234780,1169021731,43566303,1051296106,1243844775,433204222,297476680,161868428,114489,86776,22406,19249,21691,22627,28516,45870,40906,52307,15898,30715,26255,50407,25683,120481,73989,3245,63781,72308,25497,19030,10609
20251,U,관광특구,3001491,이태원 관광특구,CS100008,분식전문점,216523084,10799,124222770,92300314,13219671,15708268,24673376,27028168,43593287,60708660,31591654,24423628,1276401,22141462,21463041,76950887,70267665,102773818,98358801,1033248,61061481,80786656,30410130,20952998,6888105,5926,4873,629,986,1253,1054,2004,2999,1874,320,61,1693,1874,4662,2189,4184,6275,99,3457,3947,1395,1119,438
20251,U,관광특구,3001491,이태원 관광특구,CS300002,편의점,4591515085,717870,2813895325,1777619760,530636953,464938874,554848756,563907477,699563265,946052467,831567293,1071950199,637749109,541924014,583156910,904758805,851976048,2992625821,1497671997,23600039,1271228780,1795102730,689474130,424843083,286049054,431621,286249,81433,71787,86596,84446,107359,153722,132527,163117,106465,93579,96834,138797,119078,462610,246615,5272,226031,284019,90783,62289,40831
20251,U,관광특구,3001491,이태원 관광특구,CS100001,한식음식점,12169014643,281990,6408304960,5760709683,1263759383,939580701,1205541751,1210308293,1789114832,3114980339,2645729344,2652693532,632250191,1726129793,1029827680,3563533233,2564580214,6480477346,4548837696,45083800,3098472402,4454112134,1565579227,1087986340,777803437,154919,127071,31745,23982,30526,29289,39377,68153,58918,64425,14406,59081,28975,71479,43624,151604,115017,1394,78604,100625,36031,30095,19862
20251,U,관광특구,3001491,이태원 관광특구,CS300024,운동/경기용품,889110726,5021,616303574,272807152,232462042,109336016,99765034,86967071,87773411,98108777,174698375,0,118965056,285628052,313439726,163600289,7477603,627811670,261299056,1896943,35993696,364130764,242557655,89154324,155377344,3125,1896,859,474,579,612,601,901,995,0,564,1437,1774,1170,76,3420,1601,24,312,1604,1892,474,715
20251,U,관광특구,3001491,이태원 관광특구,CS300027,섬유제품,72964817,93,50933547,22031270,9863597,21922382,4250616,8599683,6297269,22031270,0,0,0,14896952,40137103,17930762,0,4349641,68615176,0,252932,22031271,21922382,16474019,12284213,82,11,22,16,16,24,4,11,0,0,0,28,46,19,0,16,77,0,12,11,16,31,23
20251,U,관광특구,3001491,이태원 관광특구,CS200006,일반의원,497245303,8612,421553853,75691450,85933646,96290243,86006503,18445288,134878173,75691450,0,0,128448192,125534982,173585858,69676271,0,221737043,275508260,1661641,72595089,183656428,100819804,78003320,60509021,7722,890,1641,1493,1613,836,2139,890,0,0,1917,2205,3255,1235,0,4233,4379,57,1384,2577,1391,1195,2008
20251,U,관광특구,3001491,이태원 관광특구,CS100010,커피-음료,4034258504,343510,2371597192,1662661312,464709334,400825345,435897751,458901170,611263592,898456637,764204675,88639912,230151403,1277164502,1277325590,950857530,210119567,1612646221,2114461692,15567391,1042892438,1476544440,601203445,417951494,172948704,218061,125449,38810,39524,41100,43704,54923,68209,57240,5507,35824,106731,108950,73667,12831,148439,172160,1373,89218,125992,51876,36905,15237
20251,U,관광특구,3001491,이태원 관광특구,CS300011,일반의류,13042704910,88166,7113590361,5929114549,1176917246,1043447853,1317806563,1680130027,1895288672,3102786587,2826327962,0,93839791,2688256628,5349122788,4836928781,74556922,4995689681,7750763426,44654409,2685672451,4095342981,1894843763,2549643516,1476295984,54669,33497,7771,9362,11150,11150,15236,19048,14449,32,2138,23833,35662,26004,497,28918,58323,3222,21652,31083,12284,12636,6360
20251,U,관광특구,3001491,이태원 관광특구,CS300018,의약품,396416252,26938,316776600,79639652,74465297,53715284,48463926,64190065,75942028,67237996,12401656,0,66654043,118117825,130195531,80056650,1392203,210136584,186279668,50920,64044101,110336411,65967290,57399777,98617753,22065,4873,5060,3514,3647,4209,5635,3481,1392,0,4110,8156,8263,6365,44,13358,13580,22,5631,8277,3795,3772,5441
20251,U,관광특구,3001491,이태원 관광특구,CS300001,슈퍼마켓,3381799818,228057,2238877683,1142922135,429795073,372548610,485353809,398713702,552466489,620344724,522577411,188209712,296740078,454064022,786591359,1177307121,478887526,1779764045,1371231353,27754506,507929554,918631240,477729933,476417738,742532427,141905,86152,25653,23799,29126,27513,35814,45033,41119,32059,19248,25515,39497,72204,39534,142916,77398,823,42373,78972,32943,28538,36669
20251,U,관광특구,3001491,이태원 관광특구,CS300010,반찬가게,186000000,5255,112691440,73308560,17872325,18505114,21889402,22742428,31682171,42231164,31077396,2446183,6138617,28171096,47754994,61948734,39540376,104188180,45707362,281148,26690824,56405448,35257706,23005116,8255302,3261,1994,608,509,574,600,970,1081,913,90,178,793,1303,1931,960,3212,1722,26,1127,1856,974,663,288
20251,U,관광특구,3001491,이태원 관광특구,CS100009,호프-간이주점,9899482457,310591,4320267875,5579214582,684827121,618722167,1051043249,747053191,1218622147,2843787652,2735426930,4020928389,441812841,680013333,686923678,1320087903,2749716313,6207167592,3198788433,50850943,2636323947,4007642952,1512568295,735996240,462573649,128024,182567,21851,17679,25762,23824,38908,93513,89054,118231,14937,30229,35598,44948,66648,185283,118587,1952,97478,134895,37609,22682,9250
20251,U,관광특구,3001491,이태원 관광특구,CS300017,시계및귀금속,1552817477,9210,812889015,739928462,82890692,232529518,154602079,152763202,190103524,374532755,365395707,0,115751,199391090,734406099,618904537,0,558124356,990415808,1097844,531974695,605587618,191105316,142802990,75971702,4553,4657,695,1214,682,920,1042,2196,2461,0,19,1060,3723,4408,0,3038,6157,14,3591,3336,1058,808,389
20251,U,관광특구,3001491,이태원 관광특구,CS300022,화장품,729883855,13153,432093708,297790147,81008385,80753962,75995510,81326025,113009826,198823168,98966979,0,392297,123556514,226900687,302464920,76569437,173630639,556253216,4488888,241629697,178404458,125253951,91180231,88926630,7790,5363,1485,1231,1177,1454,2443,3280,2083,0,39,2378,3628,5995,1113,3584,9569,93,4226,3672,1949,1804,1409
20251,U,관광특구,3001491,이태원 관광특구,CS200007,치과의원,416195593,3224,354742485,61453108,92718088,56808015,62009320,94058267,49148795,61453108,0,0,24244791,136530334,210029167,45391301,0,187513457,221126965,0,19976519,28943635,99127028,73414136,187179104,2843,381,595,511,687,521,529,381,0,0,468,986,1461,309,0,1613,1576,0,209,391,565,871,1153
20251,U,관광특구,3001491,이태원 관광특구,CS300028,화초,74725620,1055,35869757,38855863,4507057,3183490,14947607,4833249,8398354,33996225,4859638,0,3962791,23109143,33180894,14256887,215905,16856814,52765557,0,10703887,19240686,4788533,9820538,25068726,568,487,83,62,108,97,218,332,155,0,55,230,323,431,16,467,553,0,378,286,121,168,65
20251,U,관광특구,3001491,이태원 관광특구,CS200028,미용실,454788591,4619,259669118,195119473,22064427,20722168,54951915,68799755,93130853,116904825,78214648,0,7721395,130998725,176789989,136600204,2678278,122087871,326584053,828955,96935370,155299878,98445269,41928272,55234178,2719,1900,222,278,624,664,931,1133,767,0,100,1332,1790,1315,82,1835,2745,25,894,1506,1060,547,551
20251,U,관광특구,3001491,이태원 관광특구,CS200031,세탁소,97141732,5214,73201534,23940198,9011941,2198347,20235416,21614024,20141806,23940198,0,0,1884297,27722870,53169082,9165192,5200291,42752334,54389398,0,23488266,25838572,27523214,20291680,0,3710,1504,510,157,1030,1068,945,1504,0,0,157,1661,2451,509,436,2763,2451,0,1700,1225,873,1416,0
20251,U,관광특구,3001492,명동 남대문 북창동 다동 무교동 관광특구,CS100001,한식음식점,105629044146,1737999,84306920479,21322123667,14644288217,14021622789,16230763792,21870913965,17539331716,12574451563,8747672104,526908509,4531792340,38349232340,15552656877,36611063177,10057390903,37614908989,24168566718,122574840,4844899280,14597562906,13947800410,12671952720,15598685551,1440531,297468,274404,270729,278861,301525,315012,188691,108777,8343,76945,950571,210022,401937,90181,762474,627279,3955,152829,361123,347829,276691,247332
20251,U,관광특구,3001492,명동 남대문 북창동 다동 무교동 관광특구,CS300036,조명용품,60000000,686,60000000,0,23006669,19119891,13564199,3568161,741080,0,0,0,17681308,26267438,16051254,0,0,16880146,43119854,0,0,0,7778836,0,52221164,686,0,261,241,130,27,27,0,0,0,130,343,213,0,0,82,604,0,0,0,130,0,556
20251,U,관광특구,3001492,명동 남대문 북창동 다동 무교동 관광특구,CS100004,양식음식점,5980173779,136837,4554760091,1425413688,725854060,900400701,907447469,1008795228,1012262633,811454798,613958890,135734040,2663106,2836655493,803456308,1768615131,433049701,1881326286,2101321623,16647748,593399304,1227054377,1060118613,714286046,371141821,93587,43250,14291,19487,20961,20820,18028,22712,20538,386,121,69231,22719,40560,3820,50141,67049,907,24240,37827,29599,16810,7807
20251,U,관광특구,3001492,명동 남대문 북창동 다동 무교동 관광특구,CS300031,가구,214170267,1345,67662589,146507678,11383292,18745245,23964528,4830176,8739348,135261388,11246290,0,3791609,61657269,119915100,28806289,0,34741549,171548222,0,8681347,2170337,53863813,41575703,99998571,885,460,100,358,209,109,109,381,79,0,100,440,569,236,0,389,926,0,39,39,157,418,662
20251,U,관광특구,3001492,명동 남대문 북창동 다동 무교동 관광특구,CS300035,인테리어,3753564163,46595,3065346531,688217632,763557334,696499202,433605329,385233022,786451644,623154893,65062739,0,215221621,1262335173,2021520015,242055919,12431435,1332602909,1713471560,258285,76718623,852981877,502846519,322911743,1290357424,32556,14039,6637,6684,6146,6841,6248,11664,2375,0,2337,18269,20411,5181,397,14375,29115,12,2553,7231,7548,6229,19911
20251,U,관광특구,3001492,명동 남대문 북창동 다동 무교동 관광특구,CS100002,중식음식점,7629969787,149506,6400544816,1229424971,1041908908,1154054460,1259003961,1466238858,1479338629,836611621,392813350,26175929,8900327,3031223271,611444712,2987067507,965158041,2919288752,1784259586,10363202,622473126,1449085060,1138799880,816445821,666381250,122692,26814,21936,22482,23666,25722,28886,16960,9854,301,312,83353,17838,40283,7419,70307,50274,386,17034,36384,29840,20949,15983
20251,U,관광특구,3001492,명동 남대문 북창동 다동 무교동 관광특구,CS100006,패스트푸드점,2100659720,185312,1731082584,369577136,329419286,297019928,339417943,365558812,399666615,202665019,166912117,0,301299862,946037676,338896181,483994853,30431148,742054652,828026465,8341953,271227827,548117861,390217857,230053768,122121849,152892,32420,28818,27849,29857,32416,33952,17945,14475,0,47157,67615,30580,38175,1785,78014,91517,837,30519,63769,40440,22257,11709
20251,U,관광특구,3001492,명동 남대문 북창동 다동 무교동 관광특구,CS200029,네일숍,158703879,4559,131401248,27302631,23631871,27066691,19381865,30971848,30348973,20338455,6964176,0,0,46379440,37141759,74323238,859442,14000474,140087923,487017,21826653,52560315,53233604,6250558,19730252,3679,880,560,544,745,1037,793,572,308,0,0,1621,895,2014,29,297,4226,29,804,1870,1430,227,163
20251,U,관광특구,3001492,명동 남대문 북창동 다동 무교동 관광특구,CS200007,치과의원,13210059489,61605,12161320770,1048738719,2358861743,2548666431,2507790094,2000154947,2745847555,1048738719,0,0,1237249282,4550616027,3809962980,3562760208,49470992,6601749689,6488844676,599386,799701029,2030718388,2197158383,3384423850,4677993327,56241,5364,11151,12595,10644,7978,13873,5364,0,0,8908,20720,18754,13054,169,29732,31589,12,4571,11985,11356,15508,17888
20251,U,관광특구,3001492,명동 남대문 북창동 다동 무교동 관광특구,CS300006,미곡판매,1581374433,3814,1581374433,0,541958474,120629466,228067569,401144630,289574294,0,0,0,102034410,321996442,704387085,452956496,0,206452803,1096790448,0,0,7151945,176414635,0,1119676670,3814,0,953,1112,477,795,477,0,0,0,1429,1272,954,159,0,795,1113,0,0,159,318,0,1431
20251,U,관광특구,3001492,명동 남대문 북창동 다동 무교동 관광특구,CS300007,육류판매,24993167460,243408,22739867198,2253300262,1665440697,2037073826,5718604892,6747827228,6570920555,2253300262,0,38738686,15635192106,2411031281,5464479107,1443726280,0,3096597709,21419438263,0,21435406,135110220,1049232524,3402978259,19907279563,197565,45843,45192,34866,38092,32284,47131,45843,0,1292,45195,47776,103950,45195,0,65719,168004,0,1291,3258,24040,64776,140359
20251,U,관광특구,3001492,명동 남대문 북창동 다동 무교동 관광특구,CS300029,애완동물,396828026,11465,360394905,36433121,112420382,75859873,20000000,41019108,111095542,36433121,0,0,72089172,202509555,117133758,5095541,0,159681529,224407643,0,1528662,30955414,33885350,134789809,182929936,10318,1147,3311,2166,765,1147,2929,1147,0,0,1911,5351,4076,127,0,4968,6369,0,127,891,1020,4204,5095
20251,U,관광특구,3001492,명동 남대문 북창동 다동 무교동 관광특구,CS200024,스포츠클럽,38206544,129,36337888,1868656,15185432,6999819,2469718,6257392,5425527,1868656,0,0,3657425,6713962,4327779,20422880,3084498,18306923,19899621,0,7296615,13143805,10062259,6422203,1281662,122,7,33,35,16,17,21,7,0,0,10,24,29,60,6,78,51,0,31,58,28,6,6
20251,U,관광특구,3001492,명동 남대문 북창동 다동 무교동 관광특구,CS200033,부동산중개업,51000000,113,51000000,0,0,0,0,0,51000000,0,0,0,0,51000000,0,0,0,51000000,0,0,0,0,51000000,0,0,113,0,0,0,0,0,113,0,0,0,0,113,0,0,0,113,0,0,0,0,113,0,0
20251,U,관광특구,3001492,명동 남대문 북창동 다동 무교동 관광특구,CS100003,일식음식점,7358140960,147399,6436075415,922065545,1133426423,1217708346,1251847811,1391573518,1441519317,539401313,382664232,26245167,36306185,3576835245,365693584,2357941652,995119127,2308938460,1990231482,19823306,790558241,1368477362,995489639,681722114,443099282,127356,20043,23597,23852,24278,26544,29085,11412,8631,129,560,92834,9291,37254,7331,55409,59238,675,24924,41882,25648,14271,7261
20251,U,관광특구,3001492,명동 남대문 북창동 다동 무교동 관광특구,CS200031,세탁소,24902598,454,24902598,0,12438613,2727880,1410423,1007410,7318272,0,0,0,12023394,5937609,4520230,2421365,0,8450391,1841719,0,882738,5110624,1591068,1150712,1556969,454,0,156,80,65,48,105,0,0,0,100,96,178,80,0,283,72,0,32,124,80,63,56
20251,U,관광특구,3001492,명동 남대문 북창동 다동 무교동 관광특구,CS200008,한의원,3874175850,40567,3332294398,541881452,580458914,642968882,637969770,322042844,1148853988,541881452,0,0,242620556,1548984367,945541526,1133980286,3049115,1034503258,2827942810,0,427647001,1349860805,615290914,939200272,530447076,37365,3202,8037,6818,6392,7336,8782,3202,0,0,5227,16724,10208,8355,53,15923,24629,0,2884,10088,7643,10138,9800
20251,U,관광특구,3001492,명동 남대문 북창동 다동 무교동 관광특구,CS300019,의료기기,351000000,1373,304200000,46800000,491597,42605042,42120000,73739495,145243866,46800000,0,0,163866,234491597,116344537,0,0,186544538,164455462,0,0,117000000,42120000,120539496,71340504,948,425,16,17,426,16,473,425,0,0,16,1323,34,0,0,883,490,0,0,31,426,441,475
20251,U,관광특구,3001492,명동 남대문 북창동 다동 무교동 관광특구,CS200017,골프연습장,581529619,6354,531071438,50458181,106875354,83036067,124639954,68808283,147711780,34358924,16099257,5047332,33326461,123860436,62747853,237179929,119367608,376454338,116653228,0,6671466,134433897,188641817,121349823,42010565,5425,929,1032,1026,941,1300,1126,544,385,93,91,1218,1043,2459,1450,4991,732,0,161,1313,2249,1406,594
20251,U,관광특구,3001492,명동 남대문 북창동 다동 무교동 관광특구,CS100009,호프-간이주점,7164787730,197154,6192706299,972081431,942948047,1138478664,1232094799,1441400058,1437784731,677500556,294580875,649593170,191862962,1144471876,405574173,1317893812,3455391737,3282116852,1835222400,19122039,750143789,1439649481,1359675360,992551778,556196814,162602,34552,28923,30059,31643,36168,35809,21569,12983,6271,17479,67328,24595,36120,45361,89019,80791,656,29271,51946,38568,28435,20926
20251,U,관광특구,3001492,명동 남대문 북창동 다동 무교동 관광특구,CS300016,안경,10244156508,56223,6588380986,3655775522,1238152549,1008604571,1660206707,1259304748,1422112411,2422019497,1233756025,0,299251219,3558606960,4139244164,2202129823,44924342,4981560761,5164708277,13362847,483571948,1098567710,2332143424,3168450714,3050172395,37034,19189,7749,6680,6490,7752,8363,12696,6493,0,2036,18223,21551,13350,1063,23466,32538,422,8644,8085,11175,13736,13943
20251,U,관광특구,3001492,명동 남대문 북창동 다동 무교동 관광특구,CS200034,여관,11571687852,37453,8676380063,2895307789,1539285610,1481418344,2064940940,1692170588,1898564581,1419767152,1475540637,9425603112,226305054,493180516,415579900,600890399,410128871,544338652,670486199,2218600,163235648,316446486,181478667,302499814,248945635,28048,9405,5098,5095,5559,6048,6248,4920,4485,25434,254,3852,2064,3883,1966,5579,5338,43,2819,4115,1380,2073,485
20251,U,관광특구,3001492,명동 남대문 북창동 다동 무교동 관광특구,CS300008,수산물판매,325118992,810,323407839,1711153,3152123,720485,0,1170789,318364442,1711153,0,0,0,1170789,323948203,0,0,2881942,5043397,0,0,0,0,3872608,4052731,720,90,180,90,0,90,360,90,0,0,0,90,720,0,0,180,360,0,0,0,0,270,270
20251,U,관광특구,3001492,명동 남대문 북창동 다동 무교동 관광특구,CS200003,예술학원,87000000,550,81246516,5753484,15968883,17467446,13562869,16397989,17849329,5753484,0,0,1137728,13378338,12638746,44875162,14970026,38210583,47332367,0,20206974,28580797,17729466,19025711,0,515,35,104,107,84,102,118,35,0,0,7,93,80,281,89,233,308,0,122,199,104,114,0
20251,U,관광특구,3001492,명동 남대문 북창동 다동 무교동 관광특구,CS100008,분식전문점,5864948736,606847,5026726391,838222345,939349324,913250312,996350470,1056103248,1121673037,534630562,303591783,28540821,905813208,2747742503,948579315,1130358425,103914464,2274861840,2449232496,14142307,591242105,1423333199,1238964618,893108899,563303203,513302,93545,99832,95468,97649,106615,113738,57243,36302,2283,139299,256073,88978,109554,10660,257644,307697,1945,79237,186370,142956,100745,54096
20251,U,관광특구,3001492,명동 남대문 북창동 다동 무교동 관광특구,CS100010,커피-음료,21067226972,2503825,17030467934,4036759038,3131760170,3130601518,3308796905,3603210406,3856098935,2505969319,1530789719,7412599,3244352258,9610614462,4547303671,3000786065,656757917,7707571165,9727049422,85764970,2930658012,5404066310,4211187765,2879629073,1923314489,2097952,405873,399251,391364,405124,438136,464077,248168,157705,577,666900,1080681,477623,240398,37646,1060011,1216966,9332,365910,752415,560578,380407,208311
20251,U,관광특구,3001492,명동 남대문 북창동 다동 무교동 관광특구,CS300002,편의점,16034124142,2222993,13099796652,2934327490,2534147058,2439362014,2465407952,2697150730,2963728898,1713649288,1220678202,388166289,3438267562,3562817702,3325036196,4049357023,1270479370,8290261797,6867580414,78522520,2901666807,4977520019,3516438774,2587331804,1096362282,1910817,312176,378093,355826,368339,396889,411670,184141,128035,50427,667208,529130,423365,427125,125738,1317518,838310,11269,375614,761319,513674,352874,141076
20251,U,관광특구,3001492,명동 남대문 북창동 다동 무교동 관광특구,CS200006,일반의원,9676023019,190608,8368155181,1307867838,1804838270,1376266537,1235343501,1633671654,2318035219,1115494264,192373574,0,1206858046,3292266011,3013947125,2162901697,50140,3475041648,6150363269,5057048,1133423639,2689563008,2102167519,1827868634,1867325069,175973,14635,40422,30702,30376,32273,42200,13739,896,0,43011,59060,59808,28729,0,87776,102732,109,18255,48428,41191,39327,43201
20251,U,관광특구,3001492,명동 남대문 북창동 다동 무교동 관광특구,CS200005,스포츠 강습,212191086,350,210552269,1638817,15853451,38387517,18615004,25877489,111818808,1638817,0,0,2172162,77042019,16125037,112809787,4042081,76454947,132134689,0,18925099,53095488,52762798,83806252,0,339,11,39,69,63,54,114,11,0,0,11,142,41,147,9,87,249,0,26,96,104,109,0
20251,U,관광특구,3001492,명동 남대문 북창동 다동 무교동 관광특구,CS200030,피부관리실,713910260,4512,547411600,166498660,78703231,87580433,143551258,52696713,184879965,135704581,30794079,369581,23100878,211320920,176601406,260033208,42484267,95066633,599403210,0,95371297,240473926,216082830,91932849,50608942,3228,1284,513,540,559,619,997,841,443,8,89,1434,1211,1488,282,710,3728,0,1247,1628,893,313,355
20251,U,관광특구,3001492,명동 남대문 북창동 다동 무교동 관광특구,CS300022,화장품,26544067582,389710,16707103135,9836964447,4158208433,2907403061,2458070836,3229601138,3953819667,5343084932,4493879515,5775127,786350166,7067182374,9754989337,7955196794,974573784,8375417914,17373219449,163015564,3052380003,5768492886,6944069723,4706493505,5114185677,261484,128226,56360,44371,46656,53485,60612,77423,50803,266,12256,100185,129595,121316,26092,114254,273768,3963,75293,87917,77983,63310,79561
20251,U,관광특구,3001492,명동 남대문 북창동 다동 무교동 관광특구,CS300011,일반의류,48423285313,674481,36512387211,11910898102,7633965546,6622602770,6459274059,6841578250,8954966586,9990375411,1920522691,69598636,2105348646,17874278061,20533480685,6830618644,1009960641,12416798952,33122122070,102820918,1911192066,4265126814,5898521339,8334775788,25026484099,483535,190946,104048,85686,89974,98697,105130,156545,34401,106,27675,281904,284174,70981,9641,172761,499202,2317,37036,86620,105680,95659,344651
20251,U,관광특구,3001492,명동 남대문 북창동 다동 무교동 관광특구,CS300043,전자상거래업,11949393,176,10645023,1304370,3634648,3234055,625316,957514,2193490,1304370,0,0,0,7616150,4333243,0,0,4054782,7894611,0,0,5012296,2701559,1172467,3063071,151,25,35,38,15,15,48,25,0,0,0,102,74,0,0,54,122,0,0,77,40,10,49
20251,U,관광특구,3001492,명동 남대문 북창동 다동 무교동 관광특구,CS200037,노래방,113772252,6106,87118966,26653286,13856698,8756611,14051159,15631356,34823142,18352531,8300755,20055871,0,908868,4514125,26096469,62196919,60499153,40649158,2480969,17435980,34528425,31455015,11114735,4133188,4079,2027,779,628,681,685,1306,1235,792,380,0,154,750,2485,2337,2975,3006,335,2243,1834,992,412,162
20251,U,관광특구,3001492,명동 남대문 북창동 다동 무교동 관광특구,CS200016,당구장,311959808,13252,215985843,95973965,35672100,41673240,37525201,42330606,58784696,55131372,40842593,1099221,72879,50944317,76940480,127457440,55445471,247550820,55449407,3167407,47452954,38119872,54006916,83150421,77102657,10060,3192,1679,1817,1836,1941,2787,2017,1175,46,5,2198,2954,5455,2594,10940,2039,158,1427,1235,2471,3982,3708
20251,U,관광특구,3001492,명동 남대문 북창동 다동 무교동 관광특구,CS100005,제과점,3678449158,319903,3177717666,500731492,564149168,575441664,611388208,729467710,697270916,304412592,196318900,0,801674164,1293714049,780284683,736193546,66582716,959584646,1591770869,6157115,367125413,783181721,648262401,438219391,308409473,266375,53528,50626,46611,54127,55779,59232,32140,21388,0,98799,101988,52219,59656,7241,102173,180976,961,47637,92387,68824,44942,28396
20251,U,관광특구,3001492,명동 남대문 북창동 다동 무교동 관광특구,CS300009,청과상,12374836153,587660,10167476864,2207359289,2053523289,1381559560,1663641545,2006649593,3062102877,1786269493,421089796,114070277,1699404535,4550759397,4002253361,1782990861,225357722,3954820301,7439692813,0,102526828,494566074,1627887151,2480445757,6689087304,462343,125317,100008,80370,83644,93939,104382,97092,28225,7295,79242,147590,206506,130742,16285,189181,381230,0,9496,40460,81531,138773,300151
20251,U,관광특구,3001492,명동 남대문 북창동 다동 무교동 관광특구,CS300032,가전제품,941557994,1224,787393939,154164055,128523195,124777554,93089047,303903075,137101068,130622614,23541441,0,106103567,280434984,396701598,158317845,0,543269969,204872357,0,75646291,103831465,63432017,446775504,58457053,955,269,180,142,267,190,176,216,53,0,61,476,541,146,0,683,387,0,100,162,148,298,364
20251,U,관광특구,3001492,명동 남대문 북창동 다동 무교동 관광특구,CS300020,서적,316122390,12158,191929779,124192611,47627059,36814282,42223806,27363854,37900778,63514302,60678309,0,16492983,116109547,139108535,43707352,703973,99773780,206406833,452203,6984559,30913219,61975805,80461102,125393725,7035,5123,1336,1340,1404,1321,1634,2852,2271,0,468,4016,4869,2770,35,3558,8560,65,781,2178,2362,2671,4061
20251,U,관광특구,3001492,명동 남대문 북창동 다동 무교동 관광특구,CS200028,미용실,2167986026,23610,1450760250,717225776,207765778,255024043,306288634,322833182,358848613,540006048,177219728,3623658,27274065,601956338,785753166,713661427,35717372,665597056,1495881142,4784803,134193824,417696778,552905508,497685990,554211296,18068,5542,3058,3344,3342,3628,4696,4090,1452,10,583,7428,7850,7561,178,11826,11743,98,1804,4355,5366,6366,5582
20251,U,관광특구,3001492,명동 남대문 북창동 다동 무교동 관광특구,CS300010,반찬가게,19135609204,541968,15486197282,3649411922,2316155979,3157190866,2166825825,3193741275,4652283337,3091669433,557742489,2123765,1355957527,7236880605,7644024429,2710237671,186385207,5507864311,10911644596,13143534,754019177,1561994593,4147216082,2415402316,7527733202,399760,142208,84486,71559,69536,85015,89164,113391,28817,353,39867,175376,213930,101709,10733,181100,335206,837,34812,79136,101255,82585,217688
20251,U,관광특구,3001492,명동 남대문 북창동 다동 무교동 관광특구,CS300028,화초,3027546030,46342,2712430930,315115100,251684040,772555216,358531727,695684608,633975339,270781498,44333602,17145087,546673138,841461569,988454219,384975999,248836018,486812770,884003343,705228,39012773,364544569,320477926,399940356,246135263,39740,6602,6735,8316,6404,7093,11192,5831,771,490,11690,15773,13063,3726,1600,11613,19054,130,1419,6241,7765,8201,6908
20251,U,관광특구,3001492,명동 남대문 북창동 다동 무교동 관광특구,CS300017,시계및귀금속,28409950776,24159,24133831919,4276118857,4695529113,4817597571,3291595192,1824871707,9504238336,2676586056,1599532801,0,1767135643,7420744819,10332061975,8890008339,0,11024461758,14090830750,0,251203131,1958922204,6882199349,8591574897,7431392927,19688,4471,5686,3007,2714,2903,5378,2771,1700,0,931,9052,8768,5408,0,10523,11623,0,636,1878,4154,6240,9238
20251,U,관광특구,3001492,명동 남대문 북창동 다동 무교동 관광특구,CS300015,가방,3301402242,88863,2297180447,1004221795,529897892,429802665,375990080,485091742,476398068,700124325,304097470,0,59977600,970849926,1389070898,713085089,168418729,847583084,2387639897,15061101,429957867,442273928,619773152,625813608,1102343323,56974,31889,11930,10193,9161,13832,11858,22384,9505,0,3328,29279,36544,17862,1850,24073,64297,421,8793,12471,18706,18181,29800
20251,U,관광특구,3001492,명동 남대문 북창동 다동 무교동 관광특구,CS300021,문구,4646574486,98581,4093145575,553428911,743503365,690579776,821363726,976834431,860864277,495985008,57443903,0,615811561,1490227966,2156326764,379247631,4960564,832807367,1353398055,10300938,108132902,234674578,286510999,444961444,1101624559,85871,12710,15874,17154,15680,17273,19890,8856,3854,0,8201,42401,35295,12348,336,33751,43527,484,8869,19131,15572,12279,20937
20251,U,관광특구,3001492,명동 남대문 북창동 다동 무교동 관광특구,CS300018,의약품,11989836610,732176,10493564808,1496271802,2316609475,1925242882,1737401484,2119001572,2395309395,1088536696,407735106,674703,1770919345,3855170368,3649338971,2643782594,69950629,5083020612,6854284994,20468385,1187650013,3209854749,3086664790,2324864006,2107803665,665986,66190,150298,123868,114566,127066,150188,49256,16934,716,143318,219781,202267,159345,6749,340800,389415,1256,82777,211914,173421,145418,115431
20251,U,관광특구,3001492,명동 남대문 북창동 다동 무교동 관광특구,CS300033,철물점,6294840,294,5586646,708194,1472034,263044,824541,1785662,1241365,708194,0,0,1011707,4264344,614106,404683,0,1982946,1345570,0,0,257985,101171,576673,2392687,264,30,93,20,40,50,61,30,0,0,40,174,70,10,0,80,81,0,0,10,10,40,100
20251,U,관광특구,3001492,명동 남대문 북창동 다동 무교동 관광특구,CS300027,섬유제품,764844394,5920,631777657,133066737,102075628,111357947,206309877,124835275,87198930,115018797,18047940,0,84298315,310687637,331413521,38444921,0,319952981,416810162,0,1154498,56373517,65581078,61251873,552402178,4485,1435,894,1069,903,854,765,1304,131,0,417,2568,2752,183,0,1741,4004,0,17,280,574,869,4006
20251,U,관광특구,3001492,명동 남대문 북창동 다동 무교동 관광특구,CS300001,슈퍼마켓,15408644714,1181115,10474883293,4933761421,2070416782,1877587092,2008406718,2086123294,2432349407,3003584593,1930176828,164221544,1569767090,3594298576,4875303534,4084118421,1120935549,6144177139,7705400420,96407257,2669789983,3498610599,3673215604,2166948697,1744605417,832910,348205,163938,149994,160343,171469,187166,206119,142086,19105,229283,254835,297813,291447,88632,570458,583531,8531,200851,328502,313090,179047,123961
20251,U,관광특구,3001492,명동 남대문 북창동 다동 무교동 관광특구,CS100007,치킨전문점,2228939948,39838,1841755309,387184639,338174011,312496771,358324386,391751701,441008440,269157869,118026770,90935320,9289123,101933785,71026321,739412794,1216342605,1113028736,587887093,5074309,216323405,462551215,439549433,391410636,186006822,32521,7317,5867,5386,6296,6999,7973,5097,2220,1303,807,4446,1682,12552,19048,20740,11924,123,4105,8333,8429,7864,3808
20251,U,관광특구,3001492,명동 남대문 북창동 다동 무교동 관광특구,CS300004,핸드폰,291486406,16408,284481958,7004448,23849109,124021353,77733892,11670018,47207586,5908100,1096348,0,3471770,40258114,129214269,52926869,65615384,266346420,22423479,0,10039150,28123698,19593463,115887482,115126105,15129,1279,2193,2374,4421,2315,3826,1096,183,0,488,5355,2862,5167,2536,12324,3962,0,497,5014,3557,6535,685
20251,U,관광특구,3001492,명동 남대문 북창동 다동 무교동 관광특구,CS300014,신발,6319433738,86635,4315570569,2003863169,612907023,540762806,526734909,1802298081,832867750,1078325847,925537322,0,865605787,1933001448,2057239695,1293974926,169611882,1823342460,4107030095,24750318,671044014,622009574,887076552,1156731990,2568760107,53819,32816,11554,9822,9166,10924,12353,19971,12845,0,2648,26580,32790,21534,3083,27271,58705,731,11856,12676,14245,15862,30605
20251,U,관광특구,3001492,명동 남대문 북창동 다동 무교동 관광특구,CS200002,외국어학원,374263078,759,329463840,44799238,37711596,50817045,86210670,81128967,73595562,13670083,31129155,0,55467845,149286213,143847898,25661122,0,160801771,213461307,0,21589815,47028054,167265344,98276004,40103861,520,239,222,60,89,75,74,60,179,0,208,267,195,89,0,402,357,0,30,208,238,238,45
20251,U,관광특구,3001492,명동 남대문 북창동 다동 무교동 관광특구,CS300024,운동/경기용품,737600548,8575,521267672,216332876,107050543,83268516,80352336,113500500,137095777,143465590,72867286,0,20190624,229476636,389783195,98150093,0,333196764,404403784,0,7579204,24919778,40414536,153863023,510824007,6214,2361,1157,952,1149,1379,1577,1581,780,0,327,2489,4606,1153,0,3889,4686,0,51,178,406,1823,6117
20251,U,관광특구,3001493,동대문패션타운 관광특구,CS300001,슈퍼마켓,3303918462,450895,2556945256,746973206,501074781,505641131,516615791,550569594,483043959,336529685,410443521,613258964,522671006,406013051,469200321,818275242,474499878,1811078727,1305254039,36704734,640915554,992007641,623176957,495931642,327596243,359068,91827,71807,68613,73839,78918,65891,41080,50747,93595,81193,50126,53478,103189,69314,262396,178815,3933,85494,154295,90265,64295,42932
20251,U,관광특구,3001493,동대문패션타운 관광특구,CS300004,핸드폰,3166062742,199494,2182946291,983116451,418962427,385710146,436840781,439213535,502219402,562872587,420243864,0,161646253,1218272821,604991259,1037955752,143196657,1313408292,1646279229,12197662,865927173,895426999,569498833,397598803,219038053,156264,43230,29224,29444,31099,30767,35730,26137,17093,0,33635,80503,35289,44223,5844,76765,99790,1115,49203,50061,36836,27130,12210
20251,U,관광특구,3001493,동대문패션타운 관광특구,CS100004,양식음식점,2444915041,65877,1461701400,983213641,282301569,243981872,296764578,285544169,353109212,554878784,428334857,593705,44764475,813398332,502130709,974085556,109942264,1245127543,1001235970,17574509,458621453,656642082,457609080,397496214,258420175,40917,24960,7211,7206,8713,8053,9734,13469,11491,41,1231,20351,15268,25530,3456,35242,27729,556,15613,20674,11179,9142,5808
20251,U,관광특구,3001493,동대문패션타운 관광특구,CS300015,가방,90519160,2118,47867308,42651852,18725654,747166,10629606,6250034,11514848,16863196,25788656,1508330,1605897,21096801,22692732,24291121,19324279,36849521,50072852,0,11233308,8716592,19790558,14859052,32322863,1216,902,421,66,183,235,311,448,454,46,99,471,647,555,300,821,1250,0,297,297,359,389,729
20251,U,관광특구,3001493,동대문패션타운 관광특구,CS100007,치킨전문점,86069366,1758,62774750,23294616,8433986,12026122,13599329,13800940,14914373,11371760,11922856,5601583,0,783969,2297112,33537843,43848859,49874604,27661726,1264466,15490722,17171396,14703845,17604316,11301585,1264,494,195,215,262,293,299,262,232,114,0,16,75,739,814,1004,648,46,433,383,296,284,210
20251,U,관광특구,3001493,동대문패션타운 관광특구,CS300033,철물점,684702432,10379,677460863,7241569,139834699,19069466,59501559,296059486,162995653,7241569,0,0,118761734,384756638,116058215,65125845,0,346134937,15448681,0,2896628,18948773,7000184,10379582,322358450,9897,482,1931,1448,1206,3381,1931,482,0,0,1690,4827,2897,965,0,4587,724,0,241,1207,724,482,2656
20251,U,관광특구,3001493,동대문패션타운 관광특구,CS100006,패스트푸드점,1259893424,128493,879034070,380859354,157683621,161955435,177864007,175867630,205663377,216694553,164164801,158826992,116510419,299981342,228650423,333929302,121994946,659291922,508337709,10507213,264464427,375123397,236263106,173965929,107305561,91852,36641,17388,16735,18276,18289,21164,20076,16565,13325,13417,31433,23567,33273,13478,70637,53063,1157,27299,38049,25729,18092,13375
20251,U,관광특구,3001493,동대문패션타운 관광특구,CS300028,화초,24037293,735,18907669,5129624,1907970,5082707,3315489,907068,7694435,4504060,625564,0,2815038,3659549,6427668,11135038,0,9930828,9164511,0,2111277,7178346,2580451,5035790,2189474,531,204,94,63,78,63,233,172,32,0,47,109,203,376,0,344,329,0,157,281,63,125,47
20251,U,관광특구,3001493,동대문패션타운 관광특구,CS300021,문구,119956529,2791,103067304,16889225,8168016,11675768,46513104,16255756,20454660,11477694,5411531,0,38411537,18966285,39302139,23276568,0,35491910,43248566,0,13545282,21226670,16313596,15122977,12531952,2153,638,329,459,518,354,493,401,237,0,275,651,1299,566,0,971,1387,0,500,559,553,523,222
20251,U,관광특구,3001493,동대문패션타운 관광특구,CS200034,여관,483682487,11591,335073606,148608881,86272670,65138883,60835576,66106311,56720166,96430813,52178068,84084114,29126303,60004343,109097741,119744225,81625761,335094152,73888461,3149418,71689609,71239808,42748054,57513076,162642647,7150,4441,1450,1234,1474,1508,1484,2606,1835,1846,463,1433,1965,3671,2213,8301,2881,140,4111,3021,1081,915,1912
20251,U,관광특구,3001493,동대문패션타운 관광특구,CS200037,노래방,12573144,227,10186727,2386417,1132657,698117,2001742,3754155,2600056,926072,1460345,6375653,0,0,0,413171,5784320,8163615,4409529,0,1852144,4252739,4324046,1460346,683869,178,49,15,14,36,71,42,28,21,107,0,0,0,21,99,127,100,0,49,94,49,28,7
20251,U,관광특구,3001493,동대문패션타운 관광특구,CS200017,골프연습장,221564351,6473,138983329,82581022,32311900,27894118,23986311,31777030,23013970,36666813,45914209,1261310,1258767,48526277,38695619,77311846,54510532,158438836,37414358,0,3577866,23814953,32922146,80979468,54558760,3980,2493,755,896,875,862,592,1169,1324,26,62,1905,1229,2163,1088,4864,1265,0,76,880,925,2356,1892
20251,U,관광특구,3001493,동대문패션타운 관광특구,CS200030,피부관리실,68123328,606,51916328,16207000,6880807,10367148,7730696,19180909,7756768,8096099,8110901,7192570,1418926,6382022,9703333,32180808,11245669,32372361,31801197,268120,7233212,23989210,9670297,13156972,9855748,444,162,65,94,89,97,99,74,88,79,16,72,106,234,99,294,264,6,91,155,101,119,86
20251,U,관광특구,3001493,동대문패션타운 관광특구,CS300031,가구,1989553432,2373,1781817489,207735943,404101872,1108223884,86142038,166791281,16558414,207735943,0,0,908039,834637924,654957928,499049541,0,1450437120,450102872,0,0,1310179108,68722204,177069745,344568936,1843,530,435,443,87,704,174,530,0,0,182,973,1131,87,0,1321,791,0,0,530,174,435,973
